{"cameraMode":{"drawMode":0,"name":"Shaded","section":"Shading Mode"},"sceneLighting":true,"audioPlay":false,"sceneViewState":{"showFog":true,"showMaterialUpdate":false,"showSkybox":true,"showFlares":true,"showImageEffects":true,"showParticleSystems":true},"in2DMode":false,"pivot":{"x":-1.8371537923812867,"y":-0.2331637591123581,"z":-0.13591866195201875},"rotation":{"x":-6.981038325193367e-8,"y":0.7071079015731812,"z":-9.64761852628726e-8,"w":0.7071071267127991},"size":0.8200845122337341,"orthographic":true}